date,title,source
Oct-19-18,"Orthofix Schedules Third Quarter 2018 Earnings Release and Conference Call for October 29, 2018",Business Wire
Oct-22-18,Orthofix (OFIX) Q3 Earnings Preview: What to Know Ahead of the Release,Zacks
Oct-29-18,Orthofix International NV (OFIX) Q3 2018 Earnings Conference Call Transcript,Motley Fool
Oct-29-18,Orthofix (OFIX) Q3 Earnings and Revenues Beat Estimates,Zacks
Oct-29-18,Orthofix: 3Q Earnings Snapshot,Associated Press
Oct-29-18,Orthofix Reports Third Quarter 2018 Financial Results,Business Wire
Oct-31-18,"Orthofix (OFIX) Hits 52-Week High, Can the Run Continue?",Zacks
Nov-26-18,Does Orthofix Medical Incs (NASDAQ:OFIX) CEO Salary Compare Well With Others?,Simply Wall St.
Dec-18-18,Will Walgreens (WBA) Q1 Earnings Gain From Overall Strength?,Zacks
Dec-27-18,Orthofix to Present at J.P. Morgan Healthcare Conference,Business Wire
Jan-08-19,Orthofix Announces Preliminary 2018 Fourth Quarter and Full Year Net Sales Results,Business Wire
Jan-23-19,Read This Before Selling Orthofix Medical Inc. (NASDAQ:OFIX) Shares,Simply Wall St.
Feb-01-19,Orthofix Acquires Options Medical,Business Wire
Feb-06-19,"Orthofix Schedules Fourth Quarter and Fiscal 2018 Earnings Release and Conference Call for February 25, 2019",Business Wire
Feb-07-19,Orthofix Announces FDA Approval of the M6-C Artificial Cervical Disc to Treat Patients with Cervical Disc Degeneration,Business Wire
Feb-22-19,Orthofix Medical Inc. (NASDAQ:OFIX) Has Attractive Fundamentals,Simply Wall St.
Feb-25-19,Orthofix International NV (OFIX) Q4 2018 Earnings Conference Call Transcript,Motley Fool
Feb-25-19,"Orthofix Reports Fourth Quarter and Fiscal 2018 Financial Results, CEO Announces Plans to Retire",Business Wire
Feb-25-19,Orthofix International NV to Host Earnings Call,ACCESSWIRE
Feb-26-19,BTIG Downgrades Orthofix Medical On M6 Uncertainty,Benzinga
Feb-28-19,"Orthofix (OFIX) Earnings Beat Estimates in Q4, Margins Fall",Zacks
Mar-12-19,"Orthofix Shares Waylaid by Margin Squeeze, Disappointing Outlook for 2019",GuruFocus.com
Apr-04-19,"Full Two-Year Data from Orthofix M6-C Artificial Cervical Disc Study Shows Significant Improvement in Pain, Function and Quality of Life Scores",Business Wire
Apr-08-19,Orthofix (OFIX) Reports Encouraging M6-C Disc Study Results,Zacks
Apr-09-19,A Closer Look At Orthofix Medical Inc.'s (NASDAQ:OFIX) Uninspiring ROE,Simply Wall St.
Apr-23-19,Orthofix Announces First US Patient Implants Following FDA Approval of the M6-C Artificial Cervical Disc Designed to Treat Cervical Disc Degeneration,Business Wire
Apr-29-19,"Orthofix Schedules First Quarter 2019 Earnings Release and Conference Call for May 6, 2019",Business Wire
May-02-19,Orthofix Medical Inc. (NASDAQ:OFIX): What Are The Future Prospects?,Simply Wall St.
May-03-19,Heres What Hedge Funds Think About Orthofix Medical Inc. (OFIX),Insider Monkey
